Comentario Filtrado,Etiqueta
mejor explic pod encontr exist curs pro pag fre react lug dud 1 tiemp clar precis fcil entend segu graci dedicacin excelent conten,Positivo
oye propuest aprend react finalic 2023 das recient revis ms veinten canal qued dese aprend tom decisin toc mader estil enseanz jab mejor adapt m quier dec canal mal sin adapt mejor mod enseanz canal,Neutro
increibl vide encant ver react ritm onda pon vien bien aburr jajaj esper conclu cad activ abraz graci curs,Neutro
salud sup vide disculp encontr link vien imagen,Positivo
pasam imag tio buen vide mil graci,Neutro
33 10,Neutro
hol mast susbribi hac rat reci empiez hoy trabaj consej instal sal warnings signif problem dam man porf win 10 pro 64bits c users administrator npm install g creat react app npm warn ebadengin unsupport engin npm warn ebadengin packag creat 0 0 2 npm warn ebadengin requir nod 0 4 0 0 7 0 npm warn ebadengin current nod v18 16 0 npm 9 6 5 npm warn ebadengin added 1 packag in 2s,Neutro
hol jab gust lanzart sugerent acerc magnif curs react complet cre seri interes vide conect app react ejempl vide 10 curs bas dat cre ejempl mongodb parec ide dirs si contest salud maestr,Negativo
ve excelent curs comentari inclus pon encim curs pag voy comenz much graci,Neutro
part hoy inici curs contig graci compart conten gust prim vide salud,Neutro
react was conflict betw packag json eslint config react app algui solucin,Neutro
much graci bien explic,Neutro
aunqu ye bastant experient mir primer respet trabaj siempr qued camin felicit mejor curs programacin,Neutro
acab top canal curs buen pint inici gust expres prof edit vide voy continu lueg suscrib much graci compart conten,Neutro
caist ciel graci,Neutro
hol cordial salud autocomplet codig ejempl cas h1 class aut complet sintaxis codig extension reactjs cod snippets,Neutro
men crack program,Neutro
nuev sub much graci entreg conoc,Positivo
excelent encant much graci,Neutro
agrad edicin explicacin prim vide veo canal suscrib,Neutro
much graci curs tan bien explic nic 2023 modern ser mejor cre proyect vit mas rpid,Neutro
nombr complej ident visual cre plus hor reten informacin curs felic tant original creativ promet hac gener donacin tan pront consig prim trabaj desarroll recuerd nombr salud colombi,Neutro
excelent curs jab,Neutro
trabaj proyect react liad pued dar contact contact consultor graci anteman,Neutro
sos crack maner ense mejor,Neutro
excelent curs estan imagen rey,Neutro
verd bien explic entendi ahond part practic sig asi suscrib xd,Neutro
public canal for program ide ayudart si conseguir ahi granit aren dij revient ver gent ide mogollon visit mas injust abraz,Neutro
vide excelent bien explic ejempl buen activ bastant complet slo gust moment darl estil css imgen lad pantall maner visibl naveg cambi avanc result cdig mientr va escrib graci,Neutro
dej lik sub gust curs graci d subir mas material,Positivo
mejor explic impos much graci llev buen rat busc aprend react explic,Neutro
bien explic ejercici tod esttic canal vide encant hech siempr top bach aprendizaj curs veng canal termin qued clar siempr jaj 10 10 esper canal sig crec merec,Neutro
pregunt deberi aprend primer react nod js curs react est complet falt vide salud graci compart tiemp conoc,Neutro
fantstic siempr graci jab,Neutro
hol podr explic hac inici proyect react naveg web especf graci,Neutro
hol podr hac vde solucion error instalacin paquet aparec consol usar comand npm graci,Neutro
buen,Neutro
muchsim graci vide sper bien explic clar calm tecnic innecesari,Positivo
usted explic bien facil entend lastim q nod js,Neutro
hol much graci enfoqu curs sol comentart titul prim vide dic ao 2002 excelent conten,Neutro
excelent vide,Neutro
acab encontrart casual busc tutorial imag crop much gan verm curs hooks,Neutro
segur si error ejecut com npm start abrirs naveg icon react gir img esttic s si preocup entro dud tambin aparec error terminal siguient npm warn config global global local are deprecat use location global inste ejecut comand parec caus problem embarg tambin caus dud continu curs ciert much graci hac vide apen vi enganch conten,Neutro
prof curs buen cre much documentacin react vue seri buen ver framework svelt,Neutro
mas conten react maestr,Neutro
hol moment llam atencin curs cmo explic revis comentari vide curs extra hab vist ningun referent extension vscod usas react aunqu igual vist hac vari aos uso vs cod conviert editor ide extension as podr indic qu extension recomiend pod ver ah eslint bsic minut 23 vide necesit algun ayud etiquet jsx buen perdn chap felic curs esper acab graci,Neutro
pues dios fin pod entend vide mil graci vide,Neutro
realment explic bien simpl poc yt recomend vide estudi,Neutro
prof sid til vide hac curs scrimb gratis hor quer renderiz haci scrimb naveg vsc coinc hiz rar estudi js css coincid perfeccin usted percat deb hac unas descarg dems sol vist part curs parec calid dej cdig activ,Neutro
vens re alegr explicacin repent instructor hac acord pes argentin val tres pepin ja ja maldit devaluacin,Neutro
graci,Neutro
casi pas est gras aa ansios,Neutro
hooks,Neutro
buen conten ojal continu nivel avanz proyect real,Neutro
pregunt curs finaliz,Neutro
cristian v alelu herman dios bendig amn 3,Positivo
buen da felicitart vide explic notificacin nos si mal codig segui tal pas import app css import micss css import log from guadad png function app let nombr jab let caj div nombr div return div classnam fond h1 curs react h1 img src log classnam im esta line marc dic jsx a11y alt text input valu nombr div nombr div div caj div br div export default app si algui pued ayud much graci,Neutro
hol jab cre curs va encant hac dias empec aprend react curs principi comienz hac componenet react rout etc content conoc canal empez usar react bsic bsic cre bas sol lueg pued segu aprend maner mas sencill asi much graci,Neutro
pas angul react 10 curs felicit salud,Neutro
buensim curs mejor definit,Neutro
npx perd,Neutro
hol buen mejor mener aprend program program practic maestr habl mod entend castellan clar tom apunt voy repet practic as escap peque detall graci aport cultural enriquecedor cultural ver hac curs potent cordial salud,Positivo
jajajaj dic gust graci curs,Neutro
hic activ usand props form mas optim,Neutro
jab extension pack icon vscod utiliz exelent aport,Neutro
jab extension pack icon vscod utiliz exelent aport,Neutro
buen introduccin,Neutro
excelent curs si seor muchisim graci tan didact curs prof just quen busc activ aadi css font weight 600 sub tonal text sal perfeccin verd buen curs graci,Neutro
dol jams par acab ver nuev siempr crec graci cap,Neutro
pedaz profesor much graci disfrut curs,Neutro
hol prof much graci prim proyect metodologi tan buen,Neutro
hol est increbl t maner explic apen vi vde encant suscrib pendient vde darl seguimient salud,Neutro
hac unas seman top canal casual prim vide franc maravill form explic clar didctic esclarecedor segu curs jab much graci tan maravill conten,Neutro
hol disculp pued actualiz npm versin 6 pd gran vide,Neutro
seor mil graci dar conoc conoc crack salv tare bord colaps mental desesperacin tutorial obsolet confus hech igonart besti encontr joy luz final tunel far despus navegacin torment medi noch millon graci,Neutro
sorprndet explic par,Neutro
hol primer graci curs segund acab subscrib calid explic clar dej pens lleg nivel avanz redux tookit global app formik react forms formulari react rout dom gestion rut app salud graci,Neutro
hol buen maravill bien explic hac divert hac curs cuant program pued aad react aplicacin 50program javascript funcionari bien aplicacin cuant cdig javascript pued ingres cordial salud,Neutro
voy prob recin format ser algn conflict algn complement instal salud,Neutro
voy hac format c sistem oper vuelv instal tard men salud,Neutro
hol buen vuelt hac dij abiert ventan react naveg visual studi cod cambi text prraf p debaj log dej ward veo text curs react explor bien jejej cos mas rar pued ser algun extensin visual studi cod voy prob atom ver hac cordial salud,Neutro
hol buen pas cos ward cdig em vent app js dentr carpet src sal 9 dos circul roj subray roj sin ward ve bien cdig podr ser fall cordial salud,Neutro
excelent form explic maestr das much confianz adentr apasion mund busc aprend react maner relaj estres veo trabaj ello tiemp atent maner apur tal vez jven s quer incursion all aprendizaj men traumtic ms vin form peculi explic sig as herman brindndon bastant conoc vid recompens segur ello si much molesti amig ser prudent men dej imagen ir comps prctic anteman much graci suscrib lik campanit yac all esper ms conten abraz,Neutro
ao si si aprend react graci compart curs,Neutro
genial curs recin empiez aprend react curs pued esper mas prox vide salud,Neutro
acab ganart suscriptor hac curs openwebinars react llev montn hor hab aprend ido gran explic tan bien simpl entend primer enhorabuen des sig sac ms captul aprend react salud chavaln 25 aos est punt empez junior,Neutro
1 4 sper bien explic,Neutro
hol qu da siguient mensaj creat react app reconoc com intern extern program archiv lot ejecut,Neutro
maravill fcil concret mil graci compart conoc maner,Neutro
ideal prof,Positivo
much graci curs bastant entend esper sig hac mas conten react,Neutro
,Neutro
buen vide ms entend,Neutro
salud nuev ac si algun cos canal herramient desarroll web efect html css,Neutro
much much graci salud nicaragu,Neutro
buen vide nuev sub,Neutro
veas jab curr vde edicin sac miniatur mol montn,Neutro
felic jab genial asi da gust estudi program clarisim sencill voy empez vide react dej javascript lad abraz,Neutro
amig gust hac tutorial parec amen form explic comenz vide salt dud qu cre nuev app react usa lne com npx us sol creat new app sistem em reconoc com documentacin react vi npx as cre app salud much graci,Neutro
graci conten estar buen tambin ten tutorial nativ salud,Neutro
buen prof consult aparezc imagen mism line encuentr referent extension si asi seri nombr graci,Neutro
geni,Neutro
siempr acert decisin vde vuelt god buen conten pedagg enhorabuen jab,Neutro
teni experient dash hac grfic ahor viend explicacin jab react entiend deber hab estudi react voy perd sol captul verd much graci tod contribu,Neutro
much graci tom tiemp cre vide inform segu curs ofrec culmin peque curs hac ahor curs dispon list reproduccin,Neutro
mil graci jab conten excelent explicacin clarsim vam mas,Neutro
amig jab buen noch sigu curs usted est genial usted seri tan amabl compart configuracin settings json usa usted editor vsc ide ten prepar editor pluggins necesari segu pas mil graci anteman,Neutro
acab encontr gran canal vien perfect much graci,Neutro
genial falt quer redux p,Positivo
ufffffffffffffff,Neutro
graci deleit explic tiemp mil graci jab,Neutro
crack,Neutro
graci segu trayend conten gratuit calid vi vide realic activ lik,Neutro
palabr sol felicit vez ms excelent curs clarsim prctic actualiz adems aparec mejor moment sig xit vez ms graciassssss,Neutro
subscrbet canal https www youtub com c soyjab sub_confirmation 1 vde 02 event funcion target hook useref https bit ly 3rhvl45 vde 03 entend hook usestat https bit ly 33srp1s vde 04 component propiedad https bit ly 3tzixc7 vde 05 map filt find includ key fond https bit ly 3utqfqj vde 06 useeffect fetch api spre operator https bit ly 33kysx8 acced rest vde curs complet react https bit ly 3uupsmd,Neutro
hol segu ejercici prctic javascript vainill descontinu seri,Neutro
buensim profesor graci,Neutro
excelent javi felic amig,Neutro
amig jab djem dec curs metodolog utiliz nic especi demerit nadi cuent segu tut react dos tres buen ningun vam darl dur curs entonc,Neutro
felicit nuev curs jab adems interesantsim bien explic clar sencill siempr extra alegr reincorporacin rey god,Neutro
jab vam jab estupend esper ansi dems salud medelln colombi,Neutro
buen jab d,Positivo
